Country (Name),ASFIS species (Scientific name),FAO major fishing area (Name),Environment (Name),Unit (Name),Unit,[1950],S,[1951],S,[1952],S,[1953],S,[1954],S,[1955],S,[1956],S,[1957],S,[1958],S,[1959],S,[1960],S,[1961],S,[1962],S,[1963],S,[1964],S,[1965],S,[1966],S,[1967],S,[1968],S,[1969],S,[1970],S,[1971],S,[1972],S,[1973],S,[1974],S,[1975],S,[1976],S,[1977],S,[1978],S,[1979],S,[1980],S,[1981],S,[1982],S,[1983],S,[1984],S,[1985],S,[1986],S,[1987],S,[1988],S,[1989],S,[1990],S,[1991],S,[1992],S,[1993],S,[1994],S,[1995],S,[1996],S,[1997],S,[1998],S,[1999],S,[2000],S,[2001],S,[2002],S,[2003],S,[2004],S,[2005],S,[2006],S,[2007],S,[2008],S,[2009],S,[2010],S,[2011],S,[2012],S,[2013],S,[2014],S,[2015],S,[2016],S,[2017],S,[2018],S,[2019],S
Belize,Eucheuma spp,"Atlantic, Western Central",Marine,Tonnes - live weight,Tonnes - live weight,0,...,0,...,0,...,0,...,0,...,0,...,0,...,0,...,0,...,0,...,0,...,0,...,0,...,0,...,0,...,0,...,0,...,0,...,0,...,0,...,0,...,0,...,0,...,0,...,0,...,0,...,0,...,0,...,0,...,0,...,0,...,0,...,0,...,0,...,0,...,0,...,0,...,0,...,0,...,0,...,0,...,0,...,0,...,0,...,0,...,0,...,0,...,0,...,0,...,0,...,0,...,0,...,0,...,0,...,0,...,0,...,0,...,0,...,0,...,0,...,0,...,0,...,3.6,,10,E,2.2,,3,E,3,E,3,E,3,E,3,E
Brazil,Kappaphycus alvarezii,"Atlantic, Southwest",Marine,Tonnes - live weight,Tonnes - live weight,0,...,0,...,0,...,0,...,0,...,0,...,0,...,0,...,0,...,0,...,0,...,0,...,0,...,0,...,0,...,0,...,0,...,0,...,0,...,0,...,0,...,0,...,0,...,0,...,0,...,0,...,0,...,0,...,0,...,0,...,0,...,0,...,0,...,0,...,0,...,0,...,0,...,0,...,0,...,0,...,0,...,0,...,0,...,0,...,0,...,0,...,0,...,0,...,0,...,0,...,0,...,0,...,0,...,0,...,0,...,0,...,0,...,0,...,300,E,500,E,700,E,700,E,700,E,700,E,700,E,700,E,700,E,700,E,700,E,700,E
Brazil,Gracilaria spp,"Atlantic, Southwest",Marine,Tonnes - live weight,Tonnes - live weight,0,...,0,...,0,...,0,...,0,...,0,...,0,...,0,...,0,...,0,...,0,...,0,...,0,...,0,...,0,...,0,...,0,...,0,...,0,...,0,...,0,...,0,...,0,...,0,...,0,...,0,...,0,...,0,...,0,...,0,...,0,...,0,...,0,...,0,...,0,...,0,...,0,...,0,...,0,...,0,...,0,...,0,...,0,...,0,...,0,...,0,...,0,...,0,...,0,...,0,...,0,...,0,...,0,...,0,...,0,...,0,...,0,...,0,...,20,E,20,E,30,E,30,E,30,E,30,E,30,E,30,E,30,E,30,E,30,E,30,E
Cambodia,Eucheuma spp,"Pacific, Western Central",Marine,Tonnes - live weight,Tonnes - live weight,0,...,0,...,0,...,0,...,0,...,0,...,0,...,0,...,0,...,0,...,0,...,0,...,0,...,0,...,0,...,0,...,0,...,0,...,0,...,0,...,0,...,0,...,0,...,0,...,0,...,0,...,0,...,0,...,0,...,0,...,0,...,0,...,0,...,0,...,0,...,0,...,0,...,0,...,0,...,0,...,0,...,0,...,0,...,0,...,0,...,0,...,0,...,0,...,0,...,0,...,0,...,3500,,3650,,7800,,16840,,18000,,6810,,0,...,0,...,0,...,0,...,0,...,0,...,0,...,0,...,2000,E,2235,,2200,E,2200,E,2000,E
Chile,Porphyra columbina,"Pacific, Southeast",Marine,Tonnes - live weight,Tonnes - live weight,0,...,0,...,0,...,0,...,0,...,0,...,0,...,0,...,0,...,0,...,0,...,0,...,0,...,0,...,0,...,0,...,0,...,0,...,0,...,0,...,0,...,0,...,0,...,0,...,0,...,0,...,0,...,0,...,0,...,0,...,0,...,0,...,0,...,0,...,0,...,0,...,0,...,0,...,0,...,0,...,0,...,0,...,0,...,0,...,0,...,0,...,0,...,0,...,0,...,0,...,0,...,0,...,0,...,29,,7,,1,,0,...,0,...,0,...,0,...,0,...,0,...,0,...,0,...,0,...,0,...,0,...,0,...,0,...,0,...
Chile,Macrocystis pyrifera,"Pacific, Southeast",Marine,Tonnes - live weight,Tonnes - live weight,0,...,0,...,0,...,0,...,0,...,0,...,0,...,0,...,0,...,0,...,0,...,0,...,0,...,0,...,0,...,0,...,0,...,0,...,0,...,0,...,0,...,0,...,0,...,0,...,0,...,0,...,0,...,0,...,0,...,0,...,0,...,0,...,0,...,0,...,0,...,0,...,0,...,0,...,0,...,0,...,0,...,0,...,0,...,0,...,0,...,0,...,0,...,0,...,0,...,0,...,0,...,0,...,0,...,0,...,0,...,0,...,0,...,0,...,1,,5,,12,,0,N,0,,0,...,2,,0,...,0,N,0,,0.51,,2,
Chile,Gracilaria spp,"Pacific, Southeast",Marine,Tonnes - live weight,Tonnes - live weight,0,...,0,...,0,...,0,...,0,...,0,...,0,...,0,...,0,...,0,...,0,...,0,...,0,...,0,...,0,...,0,...,0,...,0,...,0,...,0,...,2,E,12,E,31,E,117,E,175,E,258,E,373,E,534,E,755,E,1054,E,1455,E,1990,E,3060,,1237,,6800,,4924,,5332,,9178,,23109,,36150,,38017,,57679,,47807,,48648,,65787,,49183,,105212,,102767,,68386,,31278,,33471,,65538,,71648,,40050,,20266,,15492,,33586,,23668,,21686,,88147,,12150,,14469,,4111,,12460,,12808,,11952,,14846,,16725.22,,20704.69,,21672,
Chile,Rhodophyceae,"Pacific, Southeast",Marine,Tonnes - live weight,Tonnes - live weight,0,...,0,...,0,...,0,...,0,...,0,...,0,...,0,...,0,...,0,...,0,...,0,...,0,...,0,...,0,...,0,...,0,...,0,...,0,...,0,...,0,...,0,...,0,...,0,...,0,...,0,...,0,...,0,...,0,...,0,...,0,...,0,...,0,...,0,...,0,...,0,...,0,...,0,...,0,...,0,...,0,...,0,...,0,...,0,...,0,...,0,...,0,...,0,...,0,...,0,...,0,...,0,...,0,...,0,...,0,...,0,...,0,...,0,...,0,...,0,...,0,...,0,...,0,...,0,...,0,...,0,...,0,...,0,...,0,...,5,
China,Phaeophyceae,"Pacific, Northwest",Marine,Tonnes - live weight,Tonnes - live weight,0,...,0,...,0,...,0,...,0,...,0,...,0,...,0,...,0,...,0,...,0,...,0,...,0,...,0,...,0,...,0,...,0,...,0,...,0,...,0,...,0,...,0,...,0,...,0,...,0,...,0,...,0,...,0,...,4427,,6463,,7293,,6990,,6842,,11199,,36090,,67500,,183890,,157930,,190670,,115120,,195760,,286210,,429370,,603330,,671620,,634240,,471015,,432697,E,1763671,E,2108633,E,2849779,E,3150615,E,3445035,E,2212753,E,2218128,E,1826939,E,2309570,,2265050,,2434920,,2446834,E,3019580,E,2736062,E,2676750,E,2719122,E,402457,E,434172,E,803190,,664530,,886420,,1241440,
China,Enteromorpha prolifera,"Pacific, Northwest",Marine,Tonnes - live weight,Tonnes - live weight,0,...,0,...,0,...,0,...,0,...,0,...,0,...,0,...,0,...,0,...,0,...,0,...,0,...,0,...,0,...,0,...,0,...,0,...,0,...,0,...,0,...,0,...,0,...,0,...,0,...,0,...,0,...,0,...,0,...,0,...,0,...,0,...,0,...,0,...,0,...,0,...,0,...,0,...,0,...,0,...,0,...,0,...,0,...,0,...,0,...,0,...,0,...,0,...,0,...,0,...,0,...,0,...,0,...,2434,E,2870,E,5546,E,10160,,10550,,12540,,10478,E,10821,E,8674,E,8529,E,4202,E,956,E,958,E,3540,,3400,,0,...,0,
China,Eucheuma spp,"Pacific, Northwest",Marine,Tonnes - live weight,Tonnes - live weight,0,...,0,...,0,...,0,...,0,...,0,...,0,...,0,...,0,...,0,...,0,...,0,...,0,...,0,...,0,...,0,...,0,...,0,...,0,...,0,...,0,...,0,...,0,...,0,...,0,...,0,...,0,...,0,...,0,...,0,...,0,...,0,...,0,...,0,...,0,...,0,...,0,...,0,...,0,...,0,...,0,...,0,...,0,...,0,...,0,...,0,...,0,...,0,...,0,...,0,...,0,...,0,...,0,...,64013,E,85588,E,93192,E,84080,,86840,,67240,,65139,E,62362,E,58907,E,91878,E,88590,E,40963,E,47940,E,51140,,56290,,18200,,4200,
China,Sargassum fusiforme,"Pacific, Northwest",Marine,Tonnes - live weight,Tonnes - live weight,0,...,0,...,0,...,0,...,0,...,0,...,0,...,0,...,0,...,0,...,0,...,0,...,0,...,0,...,0,...,0,...,0,...,0,...,0,...,0,...,0,...,0,...,0,...,0,...,0,...,0,...,0,...,0,...,0,...,0,...,0,...,0,...,0,...,0,...,0,...,0,...,0,...,0,...,0,...,0,...,0,...,0,...,0,...,0,...,0,...,0,...,0,...,0,...,0,...,0,...,0,...,0,...,0,...,75936,E,115214,E,85573,E,114230,,136260,,87480,,78572,E,75900,E,106099,E,107574,E,145021,E,167664,E,181081,E,183650,,199970,,232460,,270320,
China,Gracilaria spp,"Pacific, Northwest",Marine,Tonnes - live weight,Tonnes - live weight,0,...,0,...,0,...,0,...,0,...,0,...,0,...,0,...,0,...,0,...,0,...,0,...,0,...,0,...,0,...,0,...,0,...,0,...,0,...,0,...,0,...,0,...,0,...,0,...,0,...,0,...,0,...,0,...,0,...,0,...,0,...,0,...,0,...,0,...,0,...,0,...,0,...,0,...,0,...,0,...,0,...,0,...,0,...,0,...,0,...,0,...,0,...,0,...,0,...,0,...,0,...,0,...,0,...,442416,E,777723,E,862142,E,888840,,994510,,1144460,,1239049,E,1113336,E,1442737,E,1885647,E,2355564,E,2506227,E,2587608,E,2865830,,3086740,,3303440,,3480850,
China,Gelidium amansii,"Pacific, Northwest",Marine,Tonnes - live weight,Tonnes - live weight,0,...,0,...,0,...,0,...,0,...,0,...,0,...,0,...,0,...,0,...,0,...,0,...,0,...,0,...,0,...,0,...,0,...,0,...,0,...,0,...,0,...,0,...,0,...,0,...,0,...,0,...,0,...,0,...,0,...,0,...,0,...,0,...,0,...,0,...,0,...,0,...,0,...,0,...,0,...,0,...,0,...,0,...,0,...,0,...,0,...,0,...,0,...,0,...,0,...,0,...,0,...,0,...,0,...,867,E,1006,E,875,E,3000,,1000,,1200,,1186,E,1165,E,0,,3948,E,0,,0,,0,,0,,0,,0,...,0,...
China,Laminaria japonica,"Pacific, Northwest",Marine,Tonnes - live weight,Tonnes - live weight,0,N,0,N,443,,930,,2067,,4282,,4537,,17550,,50728,,196959,,338000,,338000,,338000,,405600,,540800,,540800,,676000,,676000,,676000,,811200,,716290,,905570,,1073082,,904082,,978219,,1081201,,1016880,,1502146,,1699545,,1623326,,1709651,,1483942,,1480156,,1563561,,1694468,,1715952,,1375234,,1209364,,1462965,,1844892,,1651509,,2411022,,3340312,,4068351,,4285171,,4356455,,5028399,,4983385,,4856147,,5384537,,4952921,,4736848,,4985830,,4845486,,4738437,,5101949,,5151066,,5242184,,5392797,,5532431,E,5796728,E,5852175,E,6341851,E,6584827,E,8793275,E,9332389,E,9687668.12,,10049720.2,,10292350,,10978362,
China,Porphyra spp,"Pacific, Northwest",Marine,Tonnes - live weight,Tonnes - live weight,0,...,0,...,0,...,0,...,0,...,0,...,0,...,0,...,0,...,0,...,0,...,0,...,0,...,0,...,0,...,0,...,0,...,0,...,0,...,0,...,0,...,35000,,35100,,40700,,37830,,44660,,53950,,91910,,84270,,66300,,72120,,70290,,68150,,99870,,100700,,91970,,84830,,93170,,92210,,92550,,52940,,116480,,158990,,193230,,290000,,306150,,303680,,300130,E,330137,E,366184,E,424913,E,512970,E,587750,E,636914,E,708863,E,703093,E,822100,,904170,,814660,,1062343,E,1040677,E,979354,E,1076405,E,1090149,E,1091165,E,1109903,E,1312850,,1733050,,2017790,,2123040,
China,Undaria pinnatifida,"Pacific, Northwest",Marine,Tonnes - live weight,Tonnes - live weight,0,...,0,...,0,...,0,...,0,...,0,...,0,...,0,...,0,...,0,...,0,...,0,...,0,...,0,...,0,...,0,...,0,...,0,...,0,...,0,...,0,...,0,...,0,...,0,...,0,...,0,...,0,...,0,...,0,...,0,...,0,...,0,...,0,...,0,...,0,...,0,...,0,...,0,...,0,...,0,...,0,...,0,...,0,...,0,...,0,...,0,...,0,...,0,...,0,...,0,...,0,...,0,...,0,...,1511135,E,1921466,E,2094759,E,1646300,,1402270,,1320210,,1308884,E,1059097,E,1278941,E,1678117,E,1628150,E,1941076,E,1843870,E,1519530,,1667950,,1755030,,2023930,
Cook Islands,Caulerpa racemosa,"Pacific, Eastern Central",Marine,Tonnes - live weight,Tonnes - live weight,0,,0,,0,,0,,0,,0,,0,,0,,0,,0,,0,,0,,0,,0,,0,,0,,0,,0,,0,,0,,0,,0,,0,,0,,0,,0,,0,,0,,0,,0,,0,,0,,0,,0,,0,,0,,0,,0,,0,,0,,0,,0,,0,,0,,0,,0,,0,,0,,0,,0,,0,,0,,0,,0,,0,,0,,0,,0,,0,,0,,0,,0,,0,,0,,0,,2,,2,E,0,...,0,...,0,...
Denmark,Phaeophyceae,"Atlantic, Northeast",Marine,Tonnes - live weight,Tonnes - live weight,0,...,0,...,0,...,0,...,0,...,0,...,0,...,0,...,0,...,0,...,0,...,0,...,0,...,0,...,0,...,0,...,0,...,0,...,0,...,0,...,0,...,0,...,0,...,0,...,0,...,0,...,0,...,0,...,0,...,0,...,0,...,0,...,0,...,0,...,0,...,0,...,0,...,0,...,0,...,0,...,0,...,0,...,0,...,0,...,0,...,0,...,0,...,0,...,0,...,0,...,0,...,0,...,0,...,0,...,0,...,0,...,0,...,0,...,1000,E,1000,E,1000,E,1000,E,1000,E,1800,,100,,100,E,100,E,10,,12,,0,...
Denmark,Saccharina latissima,"Atlantic, Northeast",Marine,Tonnes - live weight,Tonnes - live weight,0,...,0,...,0,...,0,...,0,...,0,...,0,...,0,...,0,...,0,...,0,...,0,...,0,...,0,...,0,...,0,...,0,...,0,...,0,...,0,...,0,...,0,...,0,...,0,...,0,...,0,...,0,...,0,...,0,...,0,...,0,...,0,...,0,...,0,...,0,...,0,...,0,...,0,...,0,...,0,...,0,...,0,...,0,...,0,...,0,...,0,...,0,...,0,...,0,...,0,...,0,...,0,...,0,...,0,...,0,...,0,...,0,...,0,...,0,...,1,,0,...,0,...,0,...,0,...,0,...,0.5,,0,...,0,...,0,...,0,...
Ecuador,Kappaphycus alvarezii,"Pacific, Southeast",Marine,Tonnes - live weight,Tonnes - live weight,0,,0,,0,,0,,0,,0,,0,,0,,0,,0,,0,,0,,0,,0,,0,,0,,0,,0,,0,,0,,0,,0,,0,,0,,0,,0,,0,,0,,0,,0,,0,,0,,0,,0,,0,,0,,0,,0,,0,,0,,0,,0,,0,,0,,0,,0,,0,,0,,0,,0,,0,,0,,0,,0,,0,,0,,0,,0,,0,,0,,0,,0,,0,,0,,35,E,40,E,45.6,E,45,E,45,E,45,E
Faroe Islands,Alaria esculenta,"Atlantic, Northeast",Marine,Tonnes - live weight,Tonnes - live weight,0,...,0,...,0,...,0,...,0,...,0,...,0,...,0,...,0,...,0,...,0,...,0,...,0,...,0,...,0,...,0,...,0,...,0,...,0,...,0,...,0,...,0,...,0,...,0,...,0,...,0,...,0,...,0,...,0,...,0,...,0,...,0,...,0,...,0,...,0,...,0,...,0,...,0,...,0,...,0,...,0,...,0,...,0,...,0,...,0,...,0,...,0,...,0,...,0,...,0,...,0,...,0,...,0,...,0,...,0,...,0,...,0,...,0,...,0,...,0,...,0,...,0,...,0,...,0,...,0,...,2,E,3,E,8,E,16,E,19,E
Faroe Islands,Saccharina latissima,"Atlantic, Northeast",Marine,Tonnes - live weight,Tonnes - live weight,0,...,0,...,0,...,0,...,0,...,0,...,0,...,0,...,0,...,0,...,0,...,0,...,0,...,0,...,0,...,0,...,0,...,0,...,0,...,0,...,0,...,0,...,0,...,0,...,0,...,0,...,0,...,0,...,0,...,0,...,0,...,0,...,0,...,0,...,0,...,0,...,0,...,0,...,0,...,0,...,0,...,0,...,0,...,0,...,0,...,0,...,0,...,0,...,0,...,0,...,0,...,0,...,0,...,0,...,0,...,0,...,0,...,0,...,0,...,0,...,0,...,0,...,0,...,0,...,0,...,18,E,27,E,72,E,134,E,156,E
Fiji,Eucheuma spp,"Pacific, Western Central",Marine,Tonnes - live weight,Tonnes - live weight,0,...,0,...,0,...,0,...,0,...,0,...,0,...,0,...,0,...,0,...,0,...,0,...,0,...,0,...,0,...,0,...,0,...,0,...,0,...,0,...,0,...,0,...,0,...,0,...,0,...,0,...,0,...,0,...,0,...,0,...,0,...,0,...,0,...,0,...,0,...,750,,8650,,10850,,5000,,6000,,6300,,3450,,2400,,1650,,0,...,0,...,0,...,0,...,2100,,15090,,5200,,3200,,800,,250,,450,,450,,1190,,650,,660,,440,,560,,450,,560,E,470,E,550,E,550,E,550,E,450,E,500,E,500,E
France,Phaeophyceae,"Atlantic, Northeast",Marine,Tonnes - live weight,Tonnes - live weight,0,...,0,...,0,...,0,...,0,...,0,...,0,...,0,...,0,...,0,...,0,...,0,...,0,...,0,...,0,...,0,...,0,...,0,...,0,...,0,...,0,...,0,...,0,...,0,...,0,...,0,...,0,...,0,...,0,...,0,...,0,...,0,...,0,...,0,...,0,...,0,...,0,...,0,...,0,...,0,...,0,...,0,...,0,...,0,...,0,...,0,...,0,...,0,...,0,...,0,...,0,...,0,...,0,...,0,...,0,...,0,...,0,...,0,...,0,...,0,...,0,...,0,...,100,E,100,E,100,E,100,E,100,E,100,E,0,...,0,...
France,Asparagopsis spp,"Atlantic, Northeast",Marine,Tonnes - live weight,Tonnes - live weight,0,...,0,...,0,...,0,...,0,...,0,...,0,...,0,...,0,...,0,...,0,...,0,...,0,...,0,...,0,...,0,...,0,...,0,...,0,...,0,...,0,...,0,...,0,...,0,...,0,...,0,...,0,...,0,...,0,...,0,...,0,...,0,...,0,...,0,...,0,,0,,0,,0,,0,,0,,0,,0,,0,,0,,0,,0,,8,,8,,10,,12,,12,,15,,13,,12,,12,,20,,5,,10,,0.4,,0,...,0,...,0,...,0,...,0,...,0,...,0,...,0,...,0,...,0,...,0,...
France,Saccharina latissima,"Atlantic, Northeast",Marine,Tonnes - live weight,Tonnes - live weight,0,...,0,...,0,...,0,...,0,...,0,...,0,...,0,...,0,...,0,...,0,...,0,...,0,...,0,...,0,...,0,...,0,...,0,...,0,...,0,...,0,...,0,...,0,...,0,...,0,...,0,...,0,...,0,...,0,...,0,...,0,...,0,...,0,...,0,...,0,...,0,...,0,...,0,...,0,...,0,...,0,...,0,...,0,...,0,...,0,...,0,...,0,...,0,...,0,...,0,...,0,...,0,...,0,...,0,...,0,...,0,...,0,...,0,...,0,...,0,...,0,...,0,...,0,...,0,...,0,...,0,...,0,...,0,...,45.2,,0,...
France,Algae,"Atlantic, Northeast",Marine,Tonnes - live weight,Tonnes - live weight,0,...,0,...,0,...,0,...,0,...,0,...,0,...,0,...,0,...,0,...,0,...,0,...,0,...,0,...,0,...,0,...,0,...,0,...,0,...,0,...,0,...,0,...,0,...,0,...,0,...,0,...,0,...,0,...,0,...,0,...,0,...,0,...,0,...,0,...,0,...,0,...,0,...,0,...,0,...,0,...,0,...,0,...,0,...,0,...,0,...,0,...,0,...,0,...,0,...,0,...,0,...,0,...,0,...,0,...,0,...,0,...,0,...,0,...,0,...,124.8,,440,,47.5,,0,...,0,...,0,...,0,...,0,...,0,...,0,...,71.16,
France,Undaria spp,"Atlantic, Northeast",Marine,Tonnes - live weight,Tonnes - live weight,0,...,0,...,0,...,0,...,0,...,0,...,0,...,0,...,0,...,0,...,0,...,0,...,0,...,0,...,0,...,0,...,0,...,0,...,0,...,0,...,0,...,0,...,0,...,0,...,0,...,0,...,0,...,0,...,0,...,0,...,0,...,0,...,0,...,0,...,0,...,6,,0,N,6,E,10,E,43,E,6,E,53,E,52,E,70,E,87,,100,,54,,54,,50,,20,,20,,20,,25,,25,,25,,25,,27,,25,,52.2,,0,...,0,...,0,...,0,...,0,...,0,...,0,...,0,...,0,...,67.8,,104.93,
Grenada,Eucheuma spp,"Atlantic, Western Central",Marine,Tonnes - live weight,Tonnes - live weight,0,...,0,...,0,...,0,...,0,...,0,...,0,...,0,...,0,...,0,...,0,...,0,...,0,...,0,...,0,...,0,...,0,...,0,...,0,...,0,...,0,...,0,...,0,...,0,...,0,...,0,...,0,...,0,...,0,...,0,...,0,...,0,...,0,...,0,...,0,...,0,...,0,...,0,...,0,...,0,...,0,...,0,...,0,...,0,...,0,...,0,...,0,...,0,...,0,...,0,...,0,...,0,...,0,...,0,...,0,...,0,...,0,...,0,...,0,...,0,...,0,...,0,...,0,...,0,...,0,...,1.4,,22.1,,18,,20,E,20,E
India,Rhodophyceae,"Indian Ocean, Eastern",Marine,Tonnes - live weight,Tonnes - live weight,0,...,0,...,0,...,0,...,0,...,0,...,0,...,0,...,0,...,0,...,0,...,0,...,0,...,0,...,0,...,0,...,0,...,0,...,0,...,0,...,0,...,0,...,0,...,0,...,0,...,0,...,0,...,0,...,0,...,0,...,0,...,0,...,0,...,0,...,0,...,0,...,0,...,0,...,0,...,0,...,0,...,0,...,0,...,0,...,0,...,0,...,0,...,0,...,0,...,0,...,0,...,168,E,656,E,1176,E,1008,E,1080,E,1952,E,2520,E,4704,E,6920,E,4240,E,4500,E,4500,E,4500,E,3000,E,3000,E,2000,E,4869,,5302,,5300,E
Indonesia,Eucheuma spp,"Pacific, Western Central",Marine,Tonnes - live weight,Tonnes - live weight,0,...,0,...,0,...,0,...,0,...,0,...,0,...,0,...,0,...,0,...,0,...,0,...,0,...,0,...,0,...,0,...,0,...,0,...,0,...,0,...,0,...,0,...,0,...,0,...,0,...,0,...,0,...,0,...,0,...,0,...,0,...,0,...,0,...,0,...,0,...,0,...,0,...,0,...,0,...,0,...,0,...,0,...,0,...,0,...,0,...,0,...,0,...,0,...,0,...,0,...,197227,E,202473,E,213080,E,221900,E,397964,,866383,,1050000,E,1485654,,1937591,,2791688,,3399436,,4539413,,5738688,,8323263,,8971463,,10112107,,9691900.99,,9488547,,10192000,E,9795400,E
Indonesia,Rhodophyceae,"Pacific, Western Central",Marine,Tonnes - live weight,Tonnes - live weight,10,E,20,E,20,E,30,E,40,E,50,E,60,E,80,E,100,E,120,E,160,E,200,E,260,E,330,E,420,E,540,E,690,E,880,E,1130,E,1440,E,1839,E,3248,,3049,,3156,,3008,,8426,,21811,E,27192,E,32480,E,37674,E,42774,E,47780,E,52693,E,57512,E,60000,E,58217,,77462,,80000,E,85000,E,80000,E,100000,E,90000,E,95000,E,110000,E,102000,,102000,,148000,,115000,,117210,,133720,,0,...,0,...,0,...,0,...,0,...,0,...,0,...,0,...,0,...,0,...,0,...,0,...,0,...,0,...,0,...,0,...,0,...,0,...,0,...,0,...
Ireland,Alaria esculenta,"Atlantic, Northeast",Marine,Tonnes - live weight,Tonnes - live weight,0,...,0,...,0,...,0,...,0,...,0,...,0,...,0,...,0,...,0,...,0,...,0,...,0,...,0,...,0,...,0,...,0,...,0,...,0,...,0,...,0,...,0,...,0,...,0,...,0,...,0,...,0,...,0,...,0,...,0,...,0,...,0,...,0,...,0,...,0,...,0,...,0,...,0,...,0,...,0,...,0,...,0,...,0,...,0,...,0,...,0,...,0,...,0,...,0,...,0,...,0,...,0,...,0,...,0,...,0,...,0,...,0,...,3,E,0,...,0,...,1,,0,...,0,...,0,...,0,...,70,,50,,41,,40,,42,
Ireland,Phaeophyceae,"Atlantic, Northeast",Marine,Tonnes - live weight,Tonnes - live weight,0,...,0,...,0,...,0,...,0,...,0,...,0,...,0,...,0,...,0,...,0,...,0,...,0,...,0,...,0,...,0,...,0,...,0,...,0,...,0,...,0,...,0,...,0,...,0,...,0,...,0,...,0,...,0,...,0,...,0,...,0,...,0,...,0,...,0,...,0,...,0,...,0,...,0,...,0,...,0,...,0,...,0,...,0,...,0,...,0,...,0,...,0,...,0,...,0,...,0,...,0,...,0,...,0,...,0,...,0,...,0,...,0,...,0,...,0,...,0,...,0,...,0,...,0,...,41.5,,100,,0,...,0,...,0,...,0,...,0,...
Ireland,Palmaria palmata,"Atlantic, Northeast",Marine,Tonnes - live weight,Tonnes - live weight,0,...,0,...,0,...,0,...,0,...,0,...,0,...,0,...,0,...,0,...,0,...,0,...,0,...,0,...,0,...,0,...,0,...,0,...,0,...,0,...,0,...,0,...,0,...,0,...,0,...,0,...,0,...,0,...,0,...,0,...,0,...,0,...,0,...,0,...,0,...,0,...,0,...,0,...,0,...,0,...,0,...,0,...,0,...,0,...,0,...,0,...,0,...,0,...,0,...,0,...,0,...,0,...,0,...,0,...,0,...,0,...,0,...,0,...,0,...,0,...,1,,0,...,8.5,,0,...,0,...,0,...,0,...,0,...,0,...,0,...
Ireland,Laminaria digitata,"Atlantic, Northeast",Marine,Tonnes - live weight,Tonnes - live weight,0,...,0,...,0,...,0,...,0,...,0,...,0,...,0,...,0,...,0,...,0,...,0,...,0,...,0,...,0,...,0,...,0,...,0,...,0,...,0,...,0,...,0,...,0,...,0,...,0,...,0,...,0,...,0,...,0,...,0,...,0,...,0,...,0,...,0,...,0,...,0,...,0,...,0,...,0,...,0,...,0,...,0,...,0,...,0,...,0,...,0,...,0,...,0,...,0,...,0,...,0,...,0,...,0,...,0,...,0,...,0,...,0,...,0,...,0,...,0,...,1,,3,,0,...,0,...,0,...,0,...,0,...,0,...,0,...,0,...
Japan,Laminaria japonica,"Pacific, Northwest",Marine,Tonnes - live weight,Tonnes - live weight,4717,,3000,E,2000,E,2000,E,2000,E,2000,E,2200,E,1000,E,1000,E,1500,E,1000,E,800,E,1500,E,600,E,600,E,600,E,800,E,700,E,500,E,500,E,284,,665,,3340,,7681,,10201,,15759,,22087,,27249,,21890,,25291,,38562,,44221,,42980,,44345,,62756,,53593,,54143,,49582,,59696,,64383,,54297,,42619,,72924,,59966,,57757,,55056,,61121,,60103,,50123,,48251,,53846,,63200,,51128,,50978,,47256,,44489,,41339,,41356,,46937,,40397,,43251,,25095,,34147,,35410,,32897,,38671,,27068,,32463,,33532,,32600,
Japan,Porphyra tenera,"Pacific, Northwest",Marine,Tonnes - live weight,Tonnes - live weight,21000,,24500,,42000,,37755,,42975,,56190,,65602,,100275,,62515,,75209,,100457,,147379,,154631,,144531,,111851,,140753,,128440,,157550,,144969,,134320,,231464,,244946,,217906,,311410,,339314,,278127,,291050,,279031,,350471,,325686,,357672,,340510,,263312,,360694,,396530,,351788,,403112,,321238,,442806,,403290,,387245,,403363,,382805,,362955,,483196,,407005,,372700,,392622,,396615,,409850,,391681,,373121,,436031,,347354,,358929,,386574,,367678,,395777,,338523,,342620,,328700,,292345,,341580,,316228,,276129,,297370,,300683,,304308,,283688,,251200,
Japan,Algae,"Pacific, Northwest",Marine,Tonnes - live weight,Tonnes - live weight,0,,0,,0,,0,,0,,0,,0,,0,,0,,0,,0,,0,,0,,0,,0,,0,,0,,0,,0,,0,,0,,0,,0,,0,,0,,0,,0,,64,,194,,1161,,2904,,5329,,1888,,2326,,3894,,4880,,5606,,7494,,5333,,9422,,10544,,10380,,10326,,13533,,10000,,7483,,7486,,10245,,6019,,20642,,16371,,18150,,16980,,19503,,15968,,13597,,21953,,22582,,15968,,12194,,8452,,13546,,16684,,16113,,20166,,15188,,15785,,19949,,22652,,17100,
Japan,Undaria pinnatifida,"Pacific, Northwest",Marine,Tonnes - live weight,Tonnes - live weight,6603,,6000,E,6000,E,6000,E,6500,E,6500,E,6500,E,7000,E,8000,E,8000,E,9500,E,9000,E,9500,E,10000,E,11000,E,12537,,37809,,58080,,76698,,59821,,76358,,95155,,105795,,113211,,153762,,101937,,126723,,125833,,102682,,103791,,113532,,91282,,118340,,112835,,114586,,112375,,135621,,115918,,110539,,108451,,112974,,99092,,112302,,89581,,88280,,99571,,78368,,70052,,70669,,77064,,66676,,56977,,53813,,59870,,62236,,63082,,59092,,54249,,54909,,61215,,52393,,18751,,48343,,50614,,44716,,48951,,47672,,51114,,50775,,44600,
Kenya,Eucheuma denticulatum,"Indian Ocean, Western",Marine,Tonnes - live weight,Tonnes - live weight,0,,0,,0,,0,,0,,0,,0,,0,,0,,0,,0,,0,,0,,0,,0,,0,,0,,0,,0,,0,,0,,0,,0,,0,,0,,0,,0,,0,,0,,0,,0,,0,,0,,0,,0,,0,,0,,0,,0,,0,,0,,0,,0,,0,,0,,0,,0,,0,,0,,0,,0,,0,,0,,0,,0,,0,,0,,0,,0,,0,...,40,E,160,E,400,E,400,E,400,E,400,E,400,E,400,E,400,E,400,E
Kiribati,Eucheuma spp,"Pacific, Western Central",Marine,Tonnes - live weight,Tonnes - live weight,0,...,0,...,0,...,0,...,0,...,0,...,0,...,0,...,0,...,0,...,0,...,0,...,0,...,0,...,0,...,0,...,0,...,0,...,0,...,0,...,0,...,0,...,0,...,0,...,0,...,0,...,0,...,0,...,0,...,0,...,0,...,0,...,0,...,0,...,0,...,0,...,1500,,324,,411,,1192,,5080,,8168,,3472,,1632,,3168,,5248,,9480,,7376,,5938,,9396,,11174,,9264,,4248,,3904,,3904,E,5000,E,8837,,1112,,1082.5,,1787.8,,4745,,4290,,8280,,2250,,3580,,3600,E,3650,E,3650,E,3650,E,3650,E
"Korea, Dem. People's Rep",Gelidium spp,"Pacific, Northwest",Marine,Tonnes - live weight,Tonnes - live weight,0,...,0,...,0,...,0,...,0,...,0,...,0,...,0,...,0,...,0,...,0,...,0,...,0,...,0,...,0,...,0,...,0,...,0,...,0,...,0,...,0,...,0,...,0,...,0,...,0,...,0,...,0,...,0,...,0,...,0,...,0,...,0,...,0,...,0,...,0,...,0,...,0,...,0,...,0,...,1000,E,1000,E,1000,E,1000,E,1000,E,1000,,1000,,1000,,1000,,1000,E,1000,E,1000,E,0,...,0,...,0,...,0,...,0,...,0,...,0,...,0,...,0,...,0,...,0,...,0,...,0,...,0,...,0,...,0,...,0,...,0,...,0,...
"Korea, Dem. People's Rep",Gracilaria spp,"Pacific, Northwest",Marine,Tonnes - live weight,Tonnes - live weight,0,,0,,0,,0,,0,,0,,0,,0,,0,,0,,0,,0,,0,,0,,0,,25,E,49,E,93,E,138,E,183,E,228,E,280,E,320,E,350,E,400,E,460,E,500,E,600,E,700,E,800,E,900,E,1000,E,1000,E,1000,E,1000,E,1000,E,1000,E,1000,E,1000,E,1000,E,1000,E,1000,E,1000,E,1000,E,1000,,1000,,1000,,1000,,1000,E,1000,E,1000,E,0,...,0,...,0,...,0,...,0,...,0,...,0,...,0,...,0,...,0,...,0,...,0,...,0,...,0,...,0,...,0,...,0,...,0,...,0,...
"Korea, Dem. People's Rep",Laminaria japonica,"Pacific, Northwest",Marine,Tonnes - live weight,Tonnes - live weight,621,E,756,E,920,E,1119,E,1362,E,1658,E,2018,E,2456,E,2989,E,3637,E,4426,E,5387,E,6556,E,7979,E,9710,E,11818,E,14382,E,17503,E,21302,E,25924,E,31550,E,38397,E,46730,E,56871,E,69213,E,84233,E,102512,E,124759,E,151834,E,184783,E,224884,E,273687,E,333081,E,405364,E,500000,E,600000,E,700000,E,914000,E,919000,E,1024000,E,750000,E,800000,E,943000,,973000,E,667349,,604371,,635579,,375577,,370000,E,370000,E,360000,E,444295,,444295,,444295,E,444295,E,444295,E,444300,E,444300,E,444300,E,444300,E,444300,E,444300,E,444300,E,444300,E,500000,E,500000,E,550000,E,550000,E,600000,E,600000,E
"Korea, Dem. People's Rep",Porphyra tenera,"Pacific, Northwest",Marine,Tonnes - live weight,Tonnes - live weight,0,,0,,0,,0,,0,,0,,0,,0,,0,,0,,0,,0,,0,,0,,0,,0,,0,,0,,0,,0,,0,,0,,0,,0,,0,,735,E,3777,E,6569,E,9110,E,11401,E,13442,E,15232,E,16772,E,18062,E,20000,E,20000,E,20000,E,20000,E,20000,E,22000,E,18000,E,18000,E,20000,E,20000,E,15000,,13000,,14000,,8137,,8000,E,8000,E,7000,E,0,...,0,...,0,...,0,...,0,...,0,...,0,...,0,...,0,...,1000,E,1000,E,1000,E,2000,E,2000,E,2000,E,3000,E,3000,E,3000,E,3000,E
"Korea, Dem. People's Rep",Undaria pinnatifida,"Pacific, Northwest",Marine,Tonnes - live weight,Tonnes - live weight,0,,0,,0,,0,,0,,0,,0,,0,,0,,0,,0,,0,,0,,150,E,500,E,1000,E,2000,E,5574,E,17158,E,28007,E,38120,E,47498,E,56141,E,64048,E,71220,E,77656,E,83357,E,88322,E,92552,E,96047,E,98806,E,100830,E,102119,E,102672,E,150000,E,100000,E,100000,E,100000,E,100000,E,100000,E,75000,E,75000,E,75000,E,75000,E,55000,,45000,,50000,,33433,,33000,E,33000,E,32000,E,0,...,0,...,0,...,0,...,0,...,0,...,0,...,0,...,0,...,0,...,0,...,0,...,0,...,0,...,0,...,0,...,0,...,0,...,0,...
"Korea, Republic of",Capsosiphon fulvescens,"Pacific, Northwest",Marine,Tonnes - live weight,Tonnes - live weight,0,,0,,0,,0,,0,,0,,0,,0,,0,,0,,0,,0,,0,,0,,0,,0,,0,,1,E,1,E,1,E,756,,1918,,972,,299,,265,,1360,,2056,,2367,,2256,,3373,,1225,,1497,,1430,,2633,,3,,255,,550,,588,,10,,224,,432,,2,,5,,10,,6,,2,,12,,0,,0,,0,,0,,0,,247,,54,,142,,877,,1774,,1100,,3595,,4645,,4142,,2181,,2739,,4727,,5021,,3777,,3193,,6276,,7000,E,3386,
"Korea, Republic of",Sargassum spp,"Pacific, Northwest",Marine,Tonnes - live weight,Tonnes - live weight,0,...,0,...,0,...,0,...,0,...,0,...,0,...,0,...,0,...,0,...,0,...,0,...,0,...,0,...,0,...,0,...,0,...,0,...,0,...,0,...,0,...,0,...,0,...,0,...,0,...,0,...,0,...,0,...,0,...,0,...,0,...,0,...,0,...,0,...,0,...,0,...,0,...,0,...,0,...,0,...,0,...,0,...,0,...,0,...,0,...,0,...,0,...,0,...,0,...,0,...,0,...,0,...,0,...,0,...,0,...,0,...,0,...,0,...,0,...,0,...,0,...,0,...,0,...,0,...,0,...,0,...,0,...,301,,250,E,176,
"Korea, Republic of",Plantae aquaticae,"Pacific, Northwest",Marine,Tonnes - live weight,Tonnes - live weight,0,,0,,0,,0,,0,,0,,0,,0,,0,,0,,0,,0,,0,,0,,0,,0,,0,,0,,0,,0,,0,,0,,0,,0,,65,,93,,79,,110,,58,,74,,115,,70,,72,,96,,20,,266,,22,,13,,23,,11,,13,,12,,7,,10,,6,,0,N,0,N,0,N,0,N,3,,7,,0,,0,,0,,0,,0,,0,,0,,0,,0,,0,,0,,0,,0,,0,,0,,0,,0,...,0,...,1,
"Korea, Republic of",Codium fragile,"Pacific, Northwest",Marine,Tonnes - live weight,Tonnes - live weight,0,...,0,...,0,...,0,...,0,...,0,...,0,...,0,...,0,...,0,...,0,...,0,...,0,...,0,...,0,...,0,...,0,...,0,...,0,...,0,...,0,...,0,...,0,...,0,...,0,...,0,...,0,...,0,...,0,...,0,...,0,...,0,...,0,...,0,...,0,...,0,...,0,...,0,...,0,...,0,...,0,...,0,...,0,...,0,...,0,...,0,...,0,...,0,...,0,...,0,...,0,...,0,...,0,...,0,...,0,...,1597,,165,,158,,1186,,1796,,1394,,1005,,855,,2045,,5550,,3895,,4279,,3980,,3400,E,3258,
"Korea, Republic of",Sargassum fusiforme,"Pacific, Northwest",Marine,Tonnes - live weight,Tonnes - live weight,0,,0,,0,,5,E,7,E,8,E,10,E,13,E,16,E,21,E,26,E,32,E,40,E,51,E,63,E,64,E,74,E,74,E,78,E,97,E,122,E,153,E,191,E,240,E,300,E,376,E,468,E,581,E,738,E,925,E,1225,,1497,,1434,,2633,,4325,,8497,,13289,,11572,,23871,,20168,,23920,,11408,,18163,,27621,,31669,,37679,,23054,,34475,,25220,,22940,,12091,,6873,,11016,,33661,,22814,,30058,,21125,,20909,,17701,,19533,,21133,,25880,,14378,,13335,,16563,,28243,,32762,,54624,,36200,E,33477,
"Korea, Republic of",Gracilaria spp,"Pacific, Northwest",Marine,Tonnes - live weight,Tonnes - live weight,0,...,0,...,0,...,0,...,0,...,0,...,0,...,0,...,0,...,0,...,0,...,0,...,0,...,0,...,0,...,0,...,0,...,0,...,0,...,0,...,0,...,0,...,0,...,0,...,0,...,0,...,0,...,0,...,0,...,0,...,0,...,0,...,0,...,0,...,0,...,0,...,0,...,0,...,0,...,0,...,0,...,0,...,0,...,0,...,0,...,0,...,0,...,0,...,0,...,0,...,0,...,0,...,0,...,0,...,0,...,0,...,0,...,0,...,0,...,0,...,0,...,0,...,0,...,0,...,0,...,0,...,0,...,1639,,850,E,1769,
"Korea, Republic of",Monostroma nitidum,"Pacific, Northwest",Marine,Tonnes - live weight,Tonnes - live weight,0,,0,,0,,0,,0,,0,,0,,0,,0,,0,,0,,0,,0,,0,,0,,0,,0,,0,,0,,0,,0,,0,,0,,0,,600,E,752,E,935,E,1163,E,1477,E,1849,E,2450,,2994,,4285,,5265,,4734,,10658,,11040,,7588,,8670,,10116,,12463,,14367,,17248,,12053,,6918,,4344,,8277,,7794,,5298,,5873,,5288,,5760,,9291,,1355,,11514,,814,,682,,684,,8003,,5903,,4531,,6085,,6002,,5034,,6055,,6748,,7158,,6159,,6800,E,6321,
"Korea, Republic of",Laminaria japonica,"Pacific, Northwest",Marine,Tonnes - live weight,Tonnes - live weight,0,...,0,...,0,...,0,...,0,...,0,...,0,...,0,...,0,...,0,...,0,...,0,...,0,...,0,...,0,...,0,...,0,...,0,...,0,...,0,...,0,...,0,...,0,...,0,...,2334,,2758,,8342,,2122,,5516,,5192,,940,,1963,,3987,,11606,,7927,,11796,,9445,,9980,,11612,,2617,,8084,,8938,,9560,,17180,,30421,,27295,,35640,,33466,,7931,,25447,,14160,,17506,,24873,,25259,,22510,,108327,,201919,,250049,,285221,,306183,,241322,,246701,,308601,,373263,,372311,,442637,,397852,,542285,,572600,E,662557,
"Korea, Republic of",Porphyra tenera,"Pacific, Northwest",Marine,Tonnes - live weight,Tonnes - live weight,0,N,2,E,10,E,24,E,82,E,194,E,395,E,723,E,1225,E,1958,E,2210,E,3012,E,5973,E,8530,E,9107,E,6258,E,6207,E,8172,E,14050,E,16203,,35782,,34801,,23042,,34763,,54440,,44672,,44234,,57718,,28748,,43787,,56274,,80490,,79784,,87963,,136484,,109819,,143396,,83287,,115749,,140088,,97637,,143845,,163555,,235272,,269581,,192960,,166199,,140236,,190979,,205706,,130488,,167909,,209995,,193553,,228554,,197610,,217559,,210956,,224242,,211444,,235534,,316428,,349827,,405526,,397841,,389077,,409724,,523648,,567800,E,606873,
"Korea, Republic of",Undaria pinnatifida,"Pacific, Northwest",Marine,Tonnes - live weight,Tonnes - live weight,1200,E,1500,E,1500,E,1800,E,1700,E,1800,E,2000,E,3000,E,4500,E,4000,E,4000,E,5000,E,5000,E,11000,E,9500,E,6200,E,13000,E,18000,E,28400,E,4860,E,6625,,11103,,29028,,107848,,186805,,112026,,136659,,173978,,144601,,140305,,196147,,294622,,225045,,237128,,230188,,256436,,346434,,285085,,281657,,280856,,269333,,266966,,371432,,372182,,411602,,386819,,305813,,431872,,239742,,213706,,212429,,175490,,242135,,198172,,261574,,281871,,322371,,309097,,381076,,309155,,393616,,394003,,339924,,327375,,283707,,322748,,496290,,622613,,515600,E,494947,
Madagascar,Eucheuma spp,"Indian Ocean, Western",Marine,Tonnes - live weight,Tonnes - live weight,0,...,0,...,0,...,0,...,0,...,0,...,0,...,0,...,0,...,0,...,0,...,0,...,0,...,0,...,0,...,0,...,0,...,0,...,0,...,0,...,0,...,0,...,0,...,0,...,0,...,0,...,0,...,0,...,0,...,0,...,0,...,0,...,0,...,0,...,0,...,0,...,0,...,0,...,0,...,0,...,0,...,0,...,1025,,0,...,0,...,0,...,0,...,0,...,0,...,0,...,700,E,700,E,700,E,800,E,800,E,900,E,5300,,3650,,3650,,3600,,4000,E,1699,,1400,,3575,,6970,,15377,,17423,,17407.2,,5337,,8864.59,
Malaysia,Kappaphycus alvarezii,"Pacific, Western Central",Marine,Tonnes - live weight,Tonnes - live weight,0,...,0,...,0,...,0,...,0,...,0,...,0,...,0,...,0,...,0,...,0,...,0,...,0,...,0,...,0,...,0,...,0,...,0,...,0,...,0,...,0,...,0,...,0,...,0,...,0,...,0,...,0,...,0,...,0,...,0,...,0,...,0,...,0,...,0,...,0,...,0,...,0,...,0,...,0,...,0,...,0,...,0,...,0,...,0,...,0,...,0,...,0,...,0,...,0,...,0,...,0,...,18000,E,18000,E,24000,E,29400,E,38000,E,57000,E,86000,E,106000,E,133000,E,200000,E,239450,,331490,,269431.2,,245332,,260760.3,,205989,,202965.58,,174083.2,,188110,
Malaysia,Algae,"Pacific, Western Central",Marine,Tonnes - live weight,Tonnes - live weight,0,...,0,...,0,...,0,...,0,...,0,...,0,...,0,...,0,...,0,...,0,...,0,...,0,...,0,...,0,...,0,...,0,...,0,...,0,...,0,...,0,...,0,...,0,...,0,...,0,...,0,...,0,...,0,...,0,...,0,...,0,...,0,...,0,...,0,...,0,...,0,...,0,...,0,...,0,...,0,...,0,...,0,...,0,...,0,...,0,...,0,...,0,...,0,...,0,...,11847,,16125,,0,...,0,...,0,...,0,...,0,...,0,...,0,...,0,...,0,...,0,...,0,...,0,...,0,...,0,...,0,...,0,...,0,...,0,...,0,...
Malaysia,Eucheuma denticulatum,"Pacific, Western Central",Marine,Tonnes - live weight,Tonnes - live weight,0,...,0,...,0,...,0,...,0,...,0,...,0,...,0,...,0,...,0,...,0,...,0,...,0,...,0,...,0,...,0,...,0,...,0,...,0,...,0,...,0,...,0,...,0,...,0,...,0,...,0,...,0,...,0,...,0,...,0,...,0,...,0,...,0,...,0,...,0,...,0,...,0,...,0,...,0,...,0,...,0,...,0,...,0,...,0,...,0,...,0,...,0,...,0,...,0,...,0,...,0,...,863,E,871,E,1000,E,1548,E,2000,E,3000,E,4269,E,5298,E,5857,E,7892,E,0,...,0,...,0,...,0,...,0,...,0,...,0,...,0,...,0,...
Mexico,Sargassum spp,"Pacific, Eastern Central",Marine,Tonnes - live weight,Tonnes - live weight,0,,0,,0,,0,,0,,0,,0,,0,,0,,0,,0,,0,,0,,0,,0,,0,,0,,0,,0,,0,,0,,0,,0,,0,,0,,0,,0,,0,,0,,0,,0,,0,,0,,0,,0,,0,,0,,0,,0,,0,,0,,0,,0,,0,,0,,0,,0,,0,,0,,0,,0,,0,,0,,0,,0,,0,,0,,0,,0,,0,,0,,0,,0,,0,,0,,20,,0,...,0,...,0,...,0,...
Mexico,Phaeophyceae,"Pacific, Eastern Central",Marine,Tonnes - live weight,Tonnes - live weight,0,...,0,...,0,...,0,...,0,...,0,...,0,...,0,...,0,...,0,...,0,...,0,...,0,...,0,...,0,...,0,...,0,...,0,...,0,...,0,...,0,...,0,...,0,...,0,...,0,...,0,...,0,...,0,...,0,...,0,...,0,...,0,...,0,...,0,...,0,...,0,...,0,...,0,...,0,...,0,...,0,...,0,...,0,...,0,...,0,...,0,...,0,...,0,...,0,...,0,...,0,...,0,...,0,...,0,...,0,...,0,...,0,...,0,...,0,...,0,...,0,...,0,...,0,...,0,...,0,...,0,...,23.86,,23.86,,30,,10,
"Micronesia, Fed.States of",Eucheuma spp,"Pacific, Western Central",Marine,Tonnes - live weight,Tonnes - live weight,0,...,0,...,0,...,0,...,0,...,0,...,0,...,0,...,0,...,0,...,0,...,0,...,0,...,0,...,0,...,0,...,0,...,0,...,0,...,0,...,0,...,0,...,0,...,0,...,0,...,0,...,0,...,0,...,0,...,0,...,0,...,0,...,0,...,0,...,0,N,85,,1,,1,E,1,E,1,E,0,N,0,N,0,N,0,N,0,N,0,N,0,N,0,N,0,N,0,N,0,N,0,N,0,N,0,N,0,N,0,N,0,N,0,N,0,,0,,0,,0,,0,,0,,0,,0,,0,,0,...,0,...,0,...
Morocco,Gracilaria gracilis,Mediterranean and Black Sea,Marine,Tonnes - live weight,Tonnes - live weight,0,...,0,...,0,...,0,...,0,...,0,...,0,...,0,...,0,...,0,...,0,...,0,...,0,...,0,...,0,...,0,...,0,...,0,...,0,...,0,...,0,...,0,...,0,...,0,...,0,...,0,...,0,...,0,...,0,...,0,...,0,...,0,...,0,...,0,...,0,...,0,...,0,...,0,...,0,...,0,...,0,...,0,...,0,...,0,...,0,...,0,...,0,...,0,...,0,...,0,...,0,...,0,...,0,...,0,...,0,...,0,...,0,...,0,...,0,...,0,...,0,...,0,...,0,...,0,...,0,...,0,...,8.1,,72.31,,130,,272.8,
Mozambique,Kappaphycus alvarezii,"Indian Ocean, Western",Marine,Tonnes - live weight,Tonnes - live weight,0,...,0,...,0,...,0,...,0,...,0,...,0,...,0,...,0,...,0,...,0,...,0,...,0,...,0,...,0,...,0,...,0,...,0,...,0,...,0,...,0,...,0,...,0,...,0,...,0,...,0,...,0,...,0,...,0,...,0,...,0,...,0,...,0,...,0,...,0,,0,,0,,0,,0,,0,,0,,0,,0,,0,,0,,0,,0,,0,,0,,0,...,0,...,0,...,1570,,2100,,920,,360,,150,,690,,700,,230,,0,...,0,...,0,...,0,...,0,...,0,...,0,...,0,...,0,...,0,
Mozambique,Eucheuma denticulatum,"Indian Ocean, Western",Marine,Tonnes - live weight,Tonnes - live weight,0,...,0,...,0,...,0,...,0,...,0,...,0,...,0,...,0,...,0,...,0,...,0,...,0,...,0,...,0,...,0,...,0,...,0,...,0,...,0,...,0,...,0,...,0,...,0,...,0,...,0,...,0,...,0,...,0,...,0,...,0,...,0,...,0,...,0,...,0,...,0,...,0,...,0,...,0,...,0,...,0,...,0,...,0,...,0,...,0,...,0,...,0,...,0,...,0,...,0,...,0,...,0,...,0,...,3130,,0,...,200,,0,...,0,...,0,...,0,...,0,...,0,...,0,...,0,...,0,...,0,...,0,...,0,...,0,...,0,...
Myanmar,Kappaphycus alvarezii,"Indian Ocean, Eastern",Marine,Tonnes - live weight,Tonnes - live weight,0,...,0,...,0,...,0,...,0,...,0,...,0,...,0,...,0,...,0,...,0,...,0,...,0,...,0,...,0,...,0,...,0,...,0,...,0,...,0,...,0,...,0,...,0,...,0,...,0,...,0,...,0,...,0,...,0,...,0,...,0,...,0,...,0,...,0,...,0,...,0,...,0,...,0,...,0,...,0,...,0,...,0,...,0,...,0,...,0,...,0,...,0,...,0,...,0,...,0,...,0,...,0,...,0,...,0,...,0,...,0,...,0,...,0,...,288,,1200,,2094.1,,2336.4,,3200,,1600,,2100,,2324,,29.94,,171.25,,1356.1,,11.42,
Namibia,Gracilaria spp,"Atlantic, Southeast",Marine,Tonnes - live weight,Tonnes - live weight,0,...,0,...,0,...,0,...,0,...,0,...,0,...,0,...,0,...,0,...,0,...,0,...,0,...,0,...,0,...,0,...,0,...,0,...,0,...,0,...,0,...,0,...,0,...,0,...,0,...,0,...,0,...,0,...,0,...,0,...,0,...,0,...,0,...,0,...,0,,0,,0,,0,,0,,0,,0,,0,,0,,17,,17,,17,E,17,E,17,E,17,E,20,E,20,E,20,E,38,,67,,67,E,67,E,70,E,27,,132,,130,E,130,E,130,,130,E,130,E,130,E,130,E,50,E,50,E,0,,0,
Norway,Alaria esculenta,"Atlantic, Northeast",Marine,Tonnes - live weight,Tonnes - live weight,0,,0,,0,,0,,0,,0,,0,,0,,0,,0,,0,,0,,0,,0,,0,,0,,0,,0,,0,,0,,0,,0,,0,,0,,0,,0,,0,,0,,0,,0,,0,,0,,0,,0,,0,,0,,0,,0,,0,,0,,0,,0,,0,,0,,0,,0,,0,,0,,0,,0,,0,,0,,0,,0,,0,,0,,0,,0,,0,,0,,0,,0,,0,,0,,0,,2,,26,,9.2,,1.76,,44.21,
Norway,Saccharina latissima,"Atlantic, Northeast",Marine,Tonnes - live weight,Tonnes - live weight,0,,0,,0,,0,,0,,0,,0,,0,,0,,0,,0,,0,,0,,0,,0,,0,,0,,0,,0,,0,,0,,0,,0,,0,,0,,0,,0,,0,,0,,0,,0,,0,,0,,0,,0,,0,,0,,0,,0,,0,,0,,0,,0,,0,,0,,0,,0,,0,,0,,0,,0,,0,,0,,0,,0,,0,,0,,0,,0,,0,,0,,0,,0,,0,,0,,49,,33.38,,139.74,,173.59,,72.67,
Papua New Guinea,Kappaphycus alvarezii,"Pacific, Western Central",Marine,Tonnes - live weight,Tonnes - live weight,0,,0,,0,,0,,0,,0,,0,,0,,0,,0,,0,,0,,0,,0,,0,,0,,0,,0,,0,,0,,0,,0,,0,,0,,0,,0,,0,,0,,0,,0,,0,,0,,0,,0,,0,,0,,0,,0,,0,,0,,0,,0,,0,,0,,0,,0,,0,,0,,0,,0,,0,,0,,0,,0,,0,,0,,0,,0,,0,,0,,100,E,250,E,1400,E,2500,E,3000,E,4000,E,4000,E,4300,E,4300,E,4300,E
Peru,Chondracanthus chamissoi,"Pacific, Southeast",Marine,Tonnes - live weight,Tonnes - live weight,0,...,0,...,0,...,0,...,0,...,0,...,0,...,0,...,0,...,0,...,0,...,0,...,0,...,0,...,0,...,0,...,0,...,0,...,0,...,0,...,0,...,0,...,0,...,0,...,0,...,0,...,0,...,0,...,0,...,0,...,0,...,0,...,0,...,0,...,0,...,0,...,0,...,0,...,0,...,0,...,0,...,0,...,0,...,0,...,0,...,0,...,0,...,0,...,0,...,0,...,0,...,0,...,0,...,0,...,0,...,0,...,0,...,0,...,0,...,0,...,0,...,0,...,130.65,,44,,2,,0,...,0,...,0,...,0,...,0,...
Peru,Macrocystis integrifolia,"Pacific, Southeast",Marine,Tonnes - live weight,Tonnes - live weight,0,...,0,...,0,...,0,...,0,...,0,...,0,...,0,...,0,...,0,...,0,...,0,...,0,...,0,...,0,...,0,...,0,...,0,...,0,...,0,...,0,...,0,...,0,...,0,...,0,...,0,...,0,...,0,...,0,...,0,...,0,...,0,...,0,...,0,...,0,...,0,...,0,...,0,...,0,...,0,...,0,...,0,...,0,...,0,...,0,...,0,...,0,...,0,...,0,...,0,...,0,...,0,...,0,...,0,...,0,...,0,...,0,...,0,...,0,...,0,...,0,...,0,...,0,...,0,...,0,...,0,...,0,...,0,...,5,,0,
Peru,Macrocystis pyrifera,"Pacific, Southeast",Marine,Tonnes - live weight,Tonnes - live weight,0,...,0,...,0,...,0,...,0,...,0,...,0,...,0,...,0,...,0,...,0,...,0,...,0,...,0,...,0,...,0,...,0,...,0,...,0,...,0,...,0,...,0,...,0,...,0,...,0,...,0,...,0,...,0,...,0,...,0,...,0,...,0,...,0,...,0,...,0,...,0,...,0,...,0,...,0,...,0,...,0,...,0,...,0,...,0,...,0,...,0,...,0,...,0,...,0,...,0,...,0,...,0,...,0,...,0,...,0,...,0,...,0,...,0,...,0,...,0,...,0,...,0,...,15.4,,0,...,0,...,1.58,,1.27,,1.55,,1,,0,
Peru,Gracilaria spp,"Pacific, Southeast",Marine,Tonnes - live weight,Tonnes - live weight,0,...,0,...,0,...,0,...,0,...,0,...,0,...,0,...,0,...,0,...,0,...,0,...,0,...,0,...,0,...,0,...,0,...,0,...,0,...,0,...,0,...,0,...,0,...,0,...,0,...,0,...,0,...,0,...,0,...,0,...,0,...,0,...,0,...,0,...,0,,0,,0,,0,,0,,0,,0,,0,,0,,0,,0,,2,,227,,125,,125,,53,,11,,12,,0,...,0,...,0,...,0,...,0,...,0,,0,,0,,0,,0,,0,,0,,0,...,0,...,0,...,0,...,0,...,0,...
Philippines,Caulerpa spp,"Pacific, Western Central",Marine,Tonnes - live weight,Tonnes - live weight,185,E,208,E,233,E,261,E,293,E,328,E,368,E,412,E,462,E,517,E,580,E,650,E,728,E,816,E,915,E,1025,E,1149,E,1288,E,1444,E,1618,E,1813,E,2032,E,2278,E,2553,E,2861,E,3206,E,3594,E,4027,E,4514,E,5059,E,7964,,4979,,6523,,7932,,8781,E,11278,E,10436,E,13250,E,15384,E,16122,E,17471,E,17027,E,20970,E,25169,,26787,,4040,,5141,,13713,,28704,,22751,,28296,,25155,,10790,,4163,,4252,,4309,,5444,,5177,,4288,,3881,,4309,,5145,,3928,,3029,,1199,,1219,,585,,955,,1218.14,,1090.22,
Philippines,Kappaphycus alvarezii,"Pacific, Western Central",Marine,Tonnes - live weight,Tonnes - live weight,0,...,0,...,0,...,0,...,0,...,0,...,0,...,0,...,0,...,0,...,0,...,0,...,0,...,0,...,0,...,1000,E,1000,E,1000,E,1000,E,1000,E,1000,E,3000,E,3000,E,5000,E,16000,E,14000,E,12000,E,22685,E,75009,E,94373,E,118130,,73855,,96752,,117661,,126430,E,162385,E,150259,E,196548,E,228201,E,239142,E,259146,E,252566,E,311060,E,357997,,440669,,562003,,638853,,630375,,639207,,653277,,644319,,688089,,799373,,902382,,1114413,,1233186,,1385276,,1399405,,1556423,,1621584,,1669247,,1697682,,1608401,,1428707,,1434714,,1457865,,1301153,,1330290,,1405412.92,,1423168.41,
Philippines,Gracilaria spp,"Pacific, Western Central",Marine,Tonnes - live weight,Tonnes - live weight,0,...,0,...,0,...,0,...,0,...,0,...,0,...,0,...,0,...,0,...,0,...,0,...,0,...,0,...,0,...,0,...,0,...,0,...,0,...,0,...,0,,0,,0,,0,,0,,0,,0,,0,,0,,0,,0,,0,,0,,0,,0,,0,,0,,0,,0,,0,,0,,0,,0,,0,,0,,0,,0,,0,,0,,0,,0,,0,,1643,,1015,,389,,1130,,1423,,1383,,2479,,2308,,2025,,1823,,1139,,2424,,536,,327,,285,,199,,99.09,,83.17,
Philippines,Eucheuma denticulatum,"Pacific, Western Central",Marine,Tonnes - live weight,Tonnes - live weight,0,...,0,...,0,...,0,...,0,...,0,...,0,...,0,...,0,...,0,...,0,...,0,...,0,...,0,...,0,...,0,...,0,...,0,...,0,...,0,...,0,...,0,...,0,...,0,...,3000,E,3000,E,3000,E,3356,E,3761,E,4216,E,6637,,4149,,5436,,6610,,6877,E,8833,E,8173,E,11041,E,12820,E,13435,E,14559,E,14190,E,17475,E,18382,,14039,,12992,,14120,,13202,,17425,,20084,,34424,,72551,,83051,,81329,,85754,,99972,,76762,,99105,,103366,,112222,,125691,,136183,,137603,,124218,,113127,,106950,,102496,,83877,,71570.69,,75619.44,
Portugal,Phaeophyceae,"Atlantic, Northeast",Marine,Tonnes - live weight,Tonnes - live weight,0,...,0,...,0,...,0,...,0,...,0,...,0,...,0,...,0,...,0,...,0,...,0,...,0,...,0,...,0,...,0,...,0,...,0,...,0,...,0,...,0,...,0,...,0,...,0,...,0,...,0,...,0,...,0,...,0,...,0,...,0,...,0,...,0,...,0,...,0,...,0,...,0,...,0,...,0,...,0,...,0,...,0,...,0,...,0,...,0,...,0,...,0,...,0,...,0,...,0,...,0,...,0,...,0,...,0,...,0,...,0,...,0,...,0,...,0,...,0,...,0,...,0,...,0,...,0,...,0,...,0.06,,0,...,0,...,0.16,,0,...
Portugal,Chlorophyceae,"Atlantic, Northeast",Marine,Tonnes - live weight,Tonnes - live weight,0,...,0,...,0,...,0,...,0,...,0,...,0,...,0,...,0,...,0,...,0,...,0,...,0,...,0,...,0,...,0,...,0,...,0,...,0,...,0,...,0,...,0,...,0,...,0,...,0,...,0,...,0,...,0,...,0,...,0,...,0,...,0,...,0,...,0,...,0,...,0,...,0,...,0,...,0,...,0,...,0,...,0,...,0,...,0,...,0,...,0,...,0,...,0,...,0,...,0,...,0,...,0,...,0,...,0,...,0,...,0,...,0,...,0,...,0,...,0,...,0,...,0,...,0,...,0,...,3.12,,1.53,,2,E,0,...,33.29,,35,E
Portugal,Rhodophyceae,"Atlantic, Northeast",Marine,Tonnes - live weight,Tonnes - live weight,0,...,0,...,0,...,0,...,0,...,0,...,0,...,0,...,0,...,0,...,0,...,0,...,0,...,0,...,0,...,0,...,0,...,0,...,0,...,0,...,0,...,0,...,0,...,0,...,0,...,0,...,0,...,0,...,0,...,0,...,0,...,0,...,0,...,0,...,0,...,0,...,0,...,0,...,0,...,0,...,0,...,0,...,0,...,0,...,0,...,0,...,0,...,0,...,0,...,0,...,0,...,0,...,0,...,0,...,0,...,0,...,0,...,0,...,0,...,0,...,0,...,0,...,0,...,0,...,0.4,,0.39,,0,...,0,...,1.27,,0,...
Portugal,Algae,"Atlantic, Northeast",Marine,Tonnes - live weight,Tonnes - live weight,0,...,0,...,0,...,0,...,0,...,0,...,0,...,0,...,0,...,0,...,0,...,0,...,0,...,0,...,0,...,0,...,0,...,0,...,0,...,0,...,0,...,0,...,0,...,0,...,0,...,0,...,0,...,0,...,0,...,0,...,0,...,0,...,0,...,0,...,0,...,0,...,0,...,0,...,0,...,0,...,0,...,0,...,0,...,0,...,0,...,0,...,0,...,0,...,0,...,0,...,0,...,0,...,0,...,0,...,0,...,0,...,0,...,0,...,0,...,0,...,0,...,0,...,0,...,0,...,0,...,0,...,0,...,33.47,,0,...,0,...
Russian Federation,Phaeophyceae,"Atlantic, Northeast",Marine,Tonnes - live weight,Tonnes - live weight,0,...,0,...,0,...,0,...,0,...,0,...,0,...,0,...,0,...,0,...,0,...,0,...,0,...,0,...,0,...,0,...,0,...,0,...,0,...,0,...,0,...,0,...,0,...,0,...,0,...,0,...,0,...,0,...,0,...,0,...,0,...,0,...,0,...,0,...,0,...,0,...,0,...,0,...,0,,0,,0,,0,,0,,0,,0,,0,,0,,0,,0,,100,,112,,103,,0,,0,,0,,0,,0,,0,,0,,0,,0,,0,,0,,0,,0,,0,...,0,...,20,,13,,0,...
Russian Federation,Phaeophyceae,"Pacific, Northwest",Marine,Tonnes - live weight,Tonnes - live weight,0,...,0,...,0,...,0,...,0,...,0,...,0,...,0,...,0,...,0,...,0,...,0,...,0,...,0,...,0,...,0,...,0,...,0,...,0,...,0,...,0,...,0,...,0,...,0,...,0,...,0,...,0,...,0,...,0,...,0,...,0,...,0,...,0,...,0,...,0,...,0,...,0,...,0,...,5000,,3070,,5388,,9742,,1300,,1500,,2500,,6560,,410,,6595,,3035,,2900,,2896,,401,,143,,67,,216,,245,,818,,300,,260,,739,,614,,821,,1584,,642,,2386,,2036,,1189,,1497,,4514,,10573,
Saint Kitts and Nevis,Kappaphycus alvarezii,"Atlantic, Western Central",Marine,Tonnes - live weight,Tonnes - live weight,0,...,0,...,0,...,0,...,0,...,0,...,0,...,0,...,0,...,0,...,0,...,0,...,0,...,0,...,0,...,0,...,0,...,0,...,0,...,0,...,0,...,0,...,0,...,0,...,0,...,0,...,0,...,0,...,0,...,0,...,0,...,0,...,0,...,0,...,0,...,0,...,0,...,0,...,0,...,0,...,0,...,0,...,0,...,0,...,0,...,0,...,0,...,0,...,0,...,0,...,0,...,0,...,0,...,0,...,0,...,0,...,0,...,0,...,0,...,0,...,0,...,0,...,0,...,0,...,0,...,0,...,0,...,0,...,1,,0,...
Saint Kitts and Nevis,Eucheuma spp,"Atlantic, Western Central",Marine,Tonnes - live weight,Tonnes - live weight,0,...,0,...,0,...,0,...,0,...,0,...,0,...,0,...,0,...,0,...,0,...,0,...,0,...,0,...,0,...,0,...,0,...,0,...,0,...,0,...,0,...,0,...,0,...,0,...,0,...,0,...,0,...,0,...,0,...,0,...,0,...,0,...,0,...,0,...,0,...,0,...,0,...,0,...,0,...,0,...,0,...,0,...,0,...,0,...,0,...,0,...,0,...,0,...,0,...,0,...,0,...,0,...,0,...,0,...,0,...,0,...,0,...,0,...,0,...,0,...,0,...,0,...,0,...,0,...,0.2,,0.5,,0,,0.5,,0,...,0,...
Saint Lucia,Eucheuma spp,"Atlantic, Western Central",Marine,Tonnes - live weight,Tonnes - live weight,0,...,0,...,0,...,0,...,0,...,0,...,0,...,0,...,0,...,0,...,0,...,0,...,0,...,0,...,0,...,0,...,0,...,0,...,0,...,0,...,0,...,0,...,0,...,0,...,0,...,0,...,0,...,0,...,0,...,0,...,0,...,0,...,0,...,0,...,0,...,0,...,0,...,0,...,0,...,0,...,0,...,0,...,0,...,0,...,0,...,0,...,0,...,0,...,0,...,136,,0,...,28,,16,,20,E,5,,14,,5.2,,10,,6.8,,12.1,,15.4,,10.9,,14.9,,26,,20.6,,2.3,,5.3,,14,E,14,E,102.5,
Saint Lucia,Gracilaria spp,"Atlantic, Western Central",Marine,Tonnes - live weight,Tonnes - live weight,0,...,0,...,0,...,0,...,0,...,0,...,0,...,0,...,0,...,0,...,0,...,0,...,0,...,0,...,0,...,0,...,0,...,0,...,0,...,0,...,0,...,0,...,0,...,0,...,0,...,0,...,0,...,0,...,0,...,0,...,0,...,0,...,0,...,0,...,0,...,100,E,100,E,100,E,35,,40,E,40,E,40,E,20,E,7,,10,E,10,E,10,E,0,,0,,0,,0,,0,,0,,0,,0,,0,,4.5,,0,N,0,,0,,0,,0,,0,,0,,0,,0,...,0,...,0,...,0,...,0,...
Saint Vincent/Grenadines,Eucheuma spp,"Atlantic, Western Central",Marine,Tonnes - live weight,Tonnes - live weight,0,...,0,...,0,...,0,...,0,...,0,...,0,...,0,...,0,...,0,...,0,...,0,...,0,...,0,...,0,...,0,...,0,...,0,...,0,...,0,...,0,...,0,...,0,...,0,...,0,...,0,...,0,...,0,...,0,...,0,...,0,...,0,...,0,...,0,...,0,...,0,...,0,...,0,...,0,...,0,...,0,...,0,...,0,...,0,...,0,...,0,...,0,...,0,...,0,...,0,...,0,...,0,...,0,...,0,...,0,...,0,...,0,...,0,...,0,...,0,...,0,...,0,...,0,...,0.5,,1.4,,1.4,,1.4,,1.1,,2,E,0,...
Senegal,Meristotheca senegalense,"Atlantic, Eastern Central",Marine,Tonnes - live weight,Tonnes - live weight,0,...,0,...,0,...,0,...,0,...,0,...,0,...,0,...,0,...,0,...,0,...,0,...,0,...,0,...,0,...,0,...,0,...,0,...,0,...,0,...,0,...,0,...,0,...,0,...,0,...,0,...,0,...,0,...,0,...,0,...,0,...,0,...,0,...,0,...,0,...,0,...,0,...,0,...,0,...,0,...,0,...,0,...,0,...,0,...,0,...,0,...,0,...,0,...,0,...,0,...,0,...,0,...,0,...,0,...,0,...,0,...,0,...,0,...,0,...,0,...,0,...,0,...,0,...,0,...,0,...,0,...,0,...,0,...,300,,0,
Solomon Islands,Kappaphycus alvarezii,"Pacific, Western Central",Marine,Tonnes - live weight,Tonnes - live weight,0,...,0,...,0,...,0,...,0,...,0,...,0,...,0,...,0,...,0,...,0,...,0,...,0,...,0,...,0,...,0,...,0,...,0,...,0,...,0,...,0,...,0,...,0,...,0,...,0,...,0,...,0,...,0,...,0,...,0,...,0,...,0,...,0,...,0,...,0,...,0,...,0,...,0,...,0,...,0,...,0,...,0,...,0,...,0,...,0,...,0,...,0,...,0,...,0,...,0,...,0,...,0,...,6,,400,,1711.2,,2608.8,,1353.6,,865.6,,1159.2,,4028.8,,7104,,7217.6,,6990.4,,11812,,12162.4,,12200,E,10580,,4780,,5520,,5600,E
South Africa,Gracilaria spp,"Atlantic, Southeast",Marine,Tonnes - live weight,Tonnes - live weight,0,...,0,...,0,...,0,...,0,...,0,...,0,...,0,...,0,...,0,...,0,...,0,...,0,...,0,...,0,...,0,...,0,...,0,...,0,...,0,...,0,...,0,...,0,...,0,...,0,...,0,...,0,...,0,...,0,...,0,...,0,...,0,...,0,...,0,...,0,,0,,0,,0,,0,,0,,0,,0,,0,,0,,0,,10,,32,,10,,16,,5,,12,,12,,50,E,92,,95,,100,,100,E,100,E,300,E,400,E,450,E,0,...,0,...,0,...,0,...,0,...,0,...,0,...,0,...,0,...
South Africa,Ulva spp,"Atlantic, Southeast",Marine,Tonnes - live weight,Tonnes - live weight,0,...,0,...,0,...,0,...,0,...,0,...,0,...,0,...,0,...,0,...,0,...,0,...,0,...,0,...,0,...,0,...,0,...,0,...,0,...,0,...,0,...,0,...,0,...,0,...,0,...,0,...,0,...,0,...,0,...,0,...,0,...,0,...,0,...,0,...,0,...,0,...,0,...,0,...,0,...,0,...,0,...,0,...,0,...,0,...,0,...,0,...,0,...,0,...,0,...,0,...,0,...,0,...,1000,E,2732,,2750,,2900,,2900,E,2900,E,1534,E,1500,E,1565,E,2000,E,2000,E,1800,E,2000,E,1300,E,2500,E,862,,1687.07,,2154.54,
Spain,Dunaliella salina,"Atlantic, Eastern Central",Marine,Tonnes - live weight,Tonnes - live weight,0,...,0,...,0,...,0,...,0,...,0,...,0,...,0,...,0,...,0,...,0,...,0,...,0,...,0,...,0,...,0,...,0,...,0,...,0,...,0,...,0,...,0,...,0,...,0,...,0,...,0,...,0,...,0,...,0,...,0,...,0,...,0,...,0,...,0,...,0,...,0,...,0,...,0,...,0,...,0,...,0,...,0,...,0,...,0,...,0,...,0,...,0,...,0,...,0,...,0,...,0,...,0,...,0,...,0,...,0,...,0,...,0,...,0,...,0,...,0,...,0,...,0,...,0,...,0,...,0,...,0,...,0.32,,0.7,,0,...,0.22,
Spain,Gracilaria spp,"Atlantic, Northeast",Marine,Tonnes - live weight,Tonnes - live weight,0,...,0,...,0,...,0,...,0,...,0,...,0,...,0,...,0,...,0,...,0,...,0,...,0,...,0,...,0,...,0,...,0,...,0,...,0,...,0,...,0,...,0,...,0,...,0,...,0,...,0,...,0,...,0,...,0,...,0,...,0,...,0,...,0,...,0,...,0,...,0,...,0,...,0,...,0,...,0,...,0,...,0,...,0,...,0,...,0,...,0,...,0,...,0,...,0,...,0,...,0,...,0,...,0,...,0,...,0,...,0,...,0,...,0,...,0,...,0,...,0,...,0,...,0,...,0,...,0,...,0,...,0.03,,0.04,,0.62,,0.13,
Spain,Chlorophyceae,"Atlantic, Eastern Central",Marine,Tonnes - live weight,Tonnes - live weight,0,...,0,...,0,...,0,...,0,...,0,...,0,...,0,...,0,...,0,...,0,...,0,...,0,...,0,...,0,...,0,...,0,...,0,...,0,...,0,...,0,...,0,...,0,...,0,...,0,...,0,...,0,...,0,...,0,...,0,...,0,...,0,...,0,...,0,...,0,...,0,...,0,...,0,...,0,...,0,...,0,...,0,...,0,...,0,...,0,...,0,...,0,...,0,...,0,...,0,...,0,...,0,...,0,...,0,...,0,...,0,...,0,...,0,...,0,...,0,...,0,...,0,...,0,...,0,...,0,...,0,...,0.32,,0.24,,0,...,0.87,
Spain,Saccharina latissima,"Atlantic, Northeast",Marine,Tonnes - live weight,Tonnes - live weight,0,,0,,0,,0,,0,,0,,0,,0,,0,,0,,0,,0,,0,,0,,0,,0,,0,,0,,0,,0,,0,,0,,0,,0,,0,,0,,0,,0,,0,,0,,0,,0,,0,,0,,0,,0,,0,,0,,0,,0,,0,,0,,0,,0,,0,,0,,0,,0,,0,,0,,0,,0,,0,,0,,0,,0,,0,,21,,10.2,,3.2,,0,...,0.14,,0.6,,0,...,1.6,,0.01,,0,,0.39,,1.65,,0.14,
Spain,Algae,"Atlantic, Northeast",Marine,Tonnes - live weight,Tonnes - live weight,0,...,0,...,0,...,0,...,0,...,0,...,0,...,0,...,0,...,0,...,0,...,0,...,0,...,0,...,0,...,0,...,0,...,0,...,0,...,0,...,0,...,0,...,0,...,0,...,0,...,0,...,0,...,0,...,0,...,0,...,0,...,0,...,0,...,0,...,0,...,0,...,0,...,0,...,0,...,0,...,0,...,0,...,0,...,0,...,0,...,0,...,0,...,0,...,0,...,0,...,0,...,0,...,0,...,0,...,0,...,0,N,1.2,,1.5,,1.5,,1.5,,1.25,,1.7,,1.68,,1.8,,1.46,,1.33,,0,N,2.02,,3.21,,0,...
Spain,Spirulina spp,"Atlantic, Eastern Central",Marine,Tonnes - live weight,Tonnes - live weight,0,...,0,...,0,...,0,...,0,...,0,...,0,...,0,...,0,...,0,...,0,...,0,...,0,...,0,...,0,...,0,...,0,...,0,...,0,...,0,...,0,...,0,...,0,...,0,...,0,...,0,...,0,...,0,...,0,...,0,...,0,...,0,...,0,...,0,...,0,...,0,...,0,...,0,...,0,...,0,...,0,...,0,...,0,...,0,...,0,...,0,...,0,...,0,...,0,...,0,...,0,...,0,...,0,...,0,...,0,...,0,...,0,...,0,...,0,...,0,...,0,...,0,...,0,...,0,...,0,...,0,...,0.32,,0.04,,0,...,0.38,
Spain,Undaria pinnatifida,"Atlantic, Northeast",Marine,Tonnes - live weight,Tonnes - live weight,0,,0,,0,,0,,0,,0,,0,,0,,0,,0,,0,,0,,0,,0,,0,,0,,0,,0,,0,,0,,0,,0,,0,,0,,0,,0,,0,,0,,0,,0,,0,,0,,0,,0,,0,,0,,0,,0,,0,,0,,0,,0,,0,,0,,0,,0,,0,,0,,0,,0,,0,,0,,0,,0,,0,,0,,0,,2.9,,1.8,,0,,0,,0,,0,...,0,...,0,...,0,...,0,...,0.09,,0,...,0,...
Taiwan Province of China,Porphyra tenera,"Pacific, Northwest",Marine,Tonnes - live weight,Tonnes - live weight,0,...,0,...,0,...,0,...,0,...,0,...,0,...,0,...,0,...,0,...,0,...,0,...,0,...,0,...,0,...,0,...,0,...,0,...,0,...,0,...,0,...,0,...,0,...,0,...,0,...,0,...,0,...,0,...,0,...,0,...,0,...,0,...,13,,0,N,65,,62,,67,,44,,51,,50,,23,,21,,16,,6,,12,,7,,9,,6,,4,,3,,19,,17,,24,,24,,7,,6,,5,,8,,18,,0,,0,,17.5,,18,,24,,22,,7,,18,,250,,3,,10.08,
Taiwan Province of China,Gracilaria verrucosa,"Pacific, Northwest",Marine,Tonnes - live weight,Tonnes - live weight,0,...,0,...,0,...,0,...,0,...,0,...,0,...,0,...,0,...,0,...,0,...,0,...,0,...,0,...,0,...,0,...,0,...,0,...,0,...,0,...,0,...,0,...,0,...,0,...,0,...,0,...,0,...,0,...,0,...,0,...,0,...,0,...,0,...,0,...,55,,53,,25,,9,,9,,635,,63,,29,,0,N,0,N,1,,0,,0,,0,,0,,0,,1185,,2004,,37,,37,,72,,37,,1,,1,,0,,0,,0,,0,,0,,0,,0,...,0,...,0,...,0,...,0,...,0,...
"Tanzania, United Rep. of",Eucheuma spp,"Indian Ocean, Western",Marine,Tonnes - live weight,Tonnes - live weight,0,...,0,...,0,...,0,...,0,...,0,...,0,...,0,...,0,...,0,...,0,...,0,...,0,...,0,...,0,...,0,...,0,...,0,...,0,...,0,...,0,...,0,...,0,...,0,...,0,...,0,...,0,...,0,...,0,...,0,...,0,...,0,...,0,...,0,...,0,...,0,...,0,...,0,...,0,...,1000,E,1000,E,1000,E,1000,E,1000,E,1000,E,1000,E,1000,E,1000,E,1000,E,1500,,1000,E,1000,E,2000,E,2000,E,3000,E,3000,E,3200,,4000,,5000,E,5520,,6885,,6600.8,,6510,,6689,,6705,,6750,,7500,,7800,,1329.5,,1449,
Timor-Leste,Eucheuma spp,"Indian Ocean, Eastern",Marine,Tonnes - live weight,Tonnes - live weight,0,...,0,...,0,...,0,...,0,...,0,...,0,...,0,...,0,...,0,...,0,...,0,...,0,...,0,...,0,...,0,...,0,...,0,...,0,...,0,...,0,...,0,...,0,...,0,...,0,...,0,...,0,...,0,...,0,...,0,...,0,...,0,...,0,...,0,...,0,...,0,...,0,...,0,...,0,...,0,...,0,...,0,...,0,...,0,...,0,...,0,...,0,...,0,...,0,...,0,...,0,...,0,...,0,...,0,...,0,...,0,...,0,...,370,E,1000,E,1500,E,1500,E,1500,E,1500,E,1500,E,1500,E,1500,E,1500,E,1500,E,1500,E,1500,E
Tunisia,Gracilaria verrucosa,Mediterranean and Black Sea,Marine,Tonnes - live weight,Tonnes - live weight,0,...,0,...,0,...,0,...,0,...,0,...,0,...,0,...,0,...,0,...,0,...,0,...,0,...,0,...,0,...,0,...,0,...,0,...,0,...,0,...,0,...,0,...,0,...,0,...,0,...,0,...,0,...,0,...,0,...,0,...,0,...,0,...,0,...,0,...,0,...,0,...,0,...,0,...,0,...,0,...,0,...,0,...,0,...,0,...,0,...,0,...,0,...,0,...,0,...,0,...,0,...,0,...,0,...,0,...,0,...,0,...,0,...,0,...,0,...,0,...,0,...,0,...,0,...,0,...,0,...,0,...,0,...,0,...,0,...,30,
Un. Sov. Soc. Rep.,Phaeophyceae,"Pacific, Northwest",Marine,Tonnes - live weight,Tonnes - live weight,0,...,0,...,0,...,0,...,0,...,0,...,0,...,0,...,0,...,0,...,850,E,1500,E,900,E,1300,E,1000,E,1100,E,1100,E,800,E,300,E,500,E,1100,E,1000,E,1900,E,1000,E,1200,E,800,E,900,E,500,E,550,E,800,E,500,E,850,E,1200,E,1500,E,3500,E,3500,E,3615,,3459,,0,,0,,0,,0,,0,,0,,0,,0,,0,,0,,0,,0,,0,,0,,0,,0,,0,,0,,0,,0,,0,,0,,0,,0,,0,,0,,0,,0,,0,,0,...,0,...,0,...
United States of America,Phaeophyceae,"Atlantic, Northwest",Marine,Tonnes - live weight,Tonnes - live weight,0,...,0,...,0,...,0,...,0,...,0,...,0,...,0,...,0,...,0,...,0,...,0,...,0,...,0,...,0,...,0,...,0,...,0,...,0,...,0,...,0,...,0,...,0,...,0,...,0,...,0,...,0,...,0,...,0,...,0,...,0,...,0,...,0,...,0,...,0,...,0,...,0,...,0,...,0,...,0,...,0,...,0,...,0,...,0,...,0,...,0,...,0,...,0,...,0,...,0,...,0,...,0,...,0,...,0,...,0,...,0,...,0,...,0,...,0,...,0,...,0,...,0,...,0,...,0,...,0,...,8,E,13,E,22,E,28,E,155,E
United States of America,Phaeophyceae,"Pacific, Northeast",Marine,Tonnes - live weight,Tonnes - live weight,0,...,0,...,0,...,0,...,0,...,0,...,0,...,0,...,0,...,0,...,0,...,0,...,0,...,0,...,0,...,0,...,0,...,0,...,0,...,0,...,0,...,0,...,0,...,0,...,0,...,0,...,0,...,0,...,0,...,0,...,0,...,0,...,0,...,0,...,0,...,0,...,0,...,0,...,0,...,0,...,0,...,0,...,0,...,0,...,0,...,0,...,0,...,0,...,0,...,0,...,0,...,0,...,0,...,0,...,0,...,0,...,0,...,0,...,0,...,0,...,0,...,0,...,0,...,0,...,0,...,0,...,0,...,0,...,14,E,86,E
United States of America,Algae,"Atlantic, Western Central",Marine,Tonnes - live weight,Tonnes - live weight,0,...,0,...,0,...,0,...,0,...,0,...,0,...,0,...,0,...,0,...,0,...,0,...,0,...,0,...,0,...,0,...,0,...,0,...,0,...,0,...,0,...,0,...,0,...,0,...,0,...,0,...,0,...,0,...,0,...,0,...,0,...,0,...,0,...,0,...,0,...,0,...,0,...,0,...,0,...,0,...,0,...,0,...,0,...,0,...,0,...,0,...,0,...,0,...,0,...,0,...,0,...,0,...,0,...,0,...,0,...,0,...,0,...,0,...,0,...,0,...,0,...,0,...,0,...,0,...,0,...,1,E,1,E,1,E,2,E,4,E
United States of America,Algae,"Pacific, Eastern Central",Marine,Tonnes - live weight,Tonnes - live weight,0,...,0,...,0,...,0,...,0,...,0,...,0,...,0,...,0,...,0,...,0,...,0,...,0,...,0,...,0,...,0,...,0,...,0,...,0,...,0,...,0,...,0,...,0,...,0,...,0,...,0,...,0,...,0,...,0,...,0,...,0,...,0,...,0,...,0,...,0,...,0,...,0,...,0,...,0,...,0,...,0,...,0,...,0,...,0,...,0,...,0,...,0,...,0,...,0,...,0,...,0,...,0,...,0,...,0,...,0,...,0,...,0,...,0,...,0,...,0,...,0,...,0,...,0,...,0,...,0,...,3.5,E,4.5,E,5,E,8.5,E,18,E
"Venezuela, Boliv Rep of",Kappaphycus alvarezii,"Atlantic, Western Central",Marine,Tonnes - live weight,Tonnes - live weight,0,...,0,...,0,...,0,...,0,...,0,...,0,...,0,...,0,...,0,...,0,...,0,...,0,...,0,...,0,...,0,...,0,...,0,...,0,...,0,...,0,...,0,...,0,...,0,...,0,...,0,...,0,...,0,...,0,...,0,...,0,...,0,...,0,...,0,...,0,...,0,...,0,...,0,...,0,...,0,...,101,,0,...,5,,54,,15,,40,,32,E,36,E,160,,160,,95,,25,,0,...,0,...,0,...,0,...,0,...,0,...,0,...,0,...,0,...,0,...,0,...,0,...,0,...,0,...,0,...,0,...,2,E,2,E
"Venezuela, Boliv Rep of",Eucheuma denticulatum,"Atlantic, Western Central",Marine,Tonnes - live weight,Tonnes - live weight,0,...,0,...,0,...,0,...,0,...,0,...,0,...,0,...,0,...,0,...,0,...,0,...,0,...,0,...,0,...,0,...,0,...,0,...,0,...,0,...,0,...,0,...,0,...,0,...,0,...,0,...,0,...,0,...,0,...,0,...,0,...,0,...,0,...,0,...,0,...,0,...,0,...,0,...,0,...,0,...,0,...,0,...,0,...,0,...,0,...,0,...,0,...,0,...,0,...,0,...,0,...,0,...,160,,0,...,0,...,0,...,0,...,0,...,0,...,0,...,0,...,0,...,0,...,0,...,0,...,0,...,0,...,0,...,1,E,1,E
Viet Nam,Kappaphycus alvarezii,"Pacific, Western Central",Marine,Tonnes - live weight,Tonnes - live weight,0,...,0,...,0,...,0,...,0,...,0,...,0,...,0,...,0,...,0,...,0,...,0,...,0,...,0,...,0,...,0,...,0,...,0,...,0,...,0,...,0,...,0,...,0,...,0,...,0,...,0,...,0,...,0,...,0,...,0,...,0,...,0,...,0,...,0,...,0,...,0,...,0,...,0,...,0,...,0,...,0,...,0,...,0,...,0,...,0,...,0,...,0,...,0,...,5000,E,5000,E,5000,E,5000,E,5000,E,5000,E,5000,E,5000,E,5000,E,5000,E,5000,E,5000,E,4779,,4399,,6029,,5066,,4610,,3359,,1824.5,,1036.5,,5372.6,,1700,
Viet Nam,Gracilaria spp,"Pacific, Western Central",Marine,Tonnes - live weight,Tonnes - live weight,300,E,300,E,300,E,400,E,400,E,400,E,400,E,500,E,500,E,500,E,500,E,500,E,500,E,500,E,600,E,600,E,600,E,600,E,600,E,600,E,600,E,800,E,800,E,800,E,800,E,800,E,800,E,800,E,1000,E,1000,E,1000,E,1000,E,1000,E,1000,E,1000,,1500,,1700,,1700,,1700,,1700,E,2000,E,3000,E,5000,E,5000,E,6000,E,8000,E,9000,E,10000,E,10000,E,10000,E,10000,E,10000,E,10000,E,10000,E,10000,E,10000,E,10000,E,10000,E,10000,E,10000,E,13442,,11029,,13665,,9519,,10609,,9739,,9353,,9781,,13949.9,,11150,
Zanzibar,Kappaphycus alvarezii,"Indian Ocean, Western",Marine,Tonnes - live weight,Tonnes - live weight,0,...,0,...,0,...,0,...,0,...,0,...,0,...,0,...,0,...,0,...,0,...,0,...,0,...,0,...,0,...,0,...,0,...,0,...,0,...,0,...,0,...,0,...,0,...,0,...,0,...,0,...,0,...,0,...,0,...,0,...,0,...,0,...,0,...,0,...,0,...,0,...,0,...,0,...,0,...,0,...,0,...,0,...,0,...,0,...,0,...,0,...,0,...,0,...,0,...,0,...,0,...,10480,,7860,,4170,,3940,,4280,,1900,,637.5,,165,,205.75,,128,,621,,904,,2008,,5330,,5840,,11.5,,260,,1290,,1280,E
Zanzibar,Eucheuma denticulatum,"Indian Ocean, Western",Marine,Tonnes - live weight,Tonnes - live weight,0,...,0,...,0,...,0,...,0,...,0,...,0,...,0,...,0,...,0,...,0,...,0,...,0,...,0,...,0,...,0,...,0,...,0,...,0,...,0,...,0,...,0,...,0,...,0,...,0,...,0,...,0,...,0,...,0,...,0,...,0,...,0,...,0,...,0,...,0,...,0,...,0,...,0,...,0,...,0,...,8080,,24970,,21230,,17680,,24590,,39170,,47740,,36670,,43050,,36670,,49910,,71380,,103970,,90470,,67920,,69340,,74860,,84212.5,,107760,,102476.2,,125029,,129779,,149972,,108430,,127690,,166650,,111130,,109550,,102960,,103340,E
Totals - Tonnes - live weight,,,,,,34636,,36286,,53426,,50324,,57426,,73410,,84090,,133009,,132035,,292421,,461709,,511460,,523588,,591387,,696066,,724320,,883300,,946315,,983768,,1086274,,1143933,,1425578,,1602705,,1654129,,1932012,,1877295,,1936087,,2543616,,2819138,,2784730,,3076602,,2951049,,2917354,,3262704,,3677213,,3768478,,3854932,,3714319,,4222542,,4638768,,4179425,,5191639,,6654831,,7714086,,8062258,,7969812,,8542688,,8253178,,9296988,,10255858,,10572878,,10919732,,11858841,,12576152,,13817822.2,,14731364.8,,15466283.5,,16015829,,16979105.6,,18410333.15,,19559790.75,,21064027.54,,23815486.73,,26940796,,27879762.38,,29830327.8,,30217266.55,,31479756.2,,33237977.47,,34554365.88,
FAO. 2021. Fishery and Aquaculture Statistics. Global aquaculture production 1950-2019 (FishstatJ). In: FAO Fisheries Division [online]. Rome. Updated 2021. www.fao.org/fishery/statistics/software/fishstatj/en
